{
  "text": " Allow me to illustrate. During the last 60 days, I have been at the task of constructing an administration. It has been a long and deliberate process. Some have come from Seoul, great speed. Others have counseled more expedient tests. But I have been guided by the standard. John Winthrop set before his shipmates on the flagship Arab Bella, 331 years ago, as they too faced the task of building a new government on a perilous frontier. We must always consider you said that we shall be as a city upon a hill. The eyes of all people are upon us. Today, the eyes of all people are truly upon us. And our governments in every branch, at every level.",
  "segments": [
    {
      "id": 0,
      "seek": 0,
      "start": 0.0,
      "end": 2.68,
      "text": " Allow me to illustrate.",
      "tokens": [
        50364,
        32225,
        385,
        281,
        23221,
        13,
        50498
      ],
      "temperature": 0.0,
      "avg_logprob": -0.3028036526271275,
      "compression_ratio": 1.4976076555023923,
      "no_speech_prob": 0.054714180529117584
    },
    {
      "id": 1,
      "seek": 0,
      "start": 2.68,
      "end": 5.0,
      "text": " During the last 60 days,",
      "tokens": [
        50498,
        6842,
        264,
        1036,
        4060,
        1708,
        11,
        50614
      ],
      "temperature": 0.0,
      "avg_logprob": -0.3028036526271275,
      "compression_ratio": 1.4976076555023923,
      "no_speech_prob": 0.054714180529117584
    },
    {
      "id": 2,
      "seek": 0,
      "start": 5.0,
      "end": 9.040000000000001,
      "text": " I have been at the task of constructing an administration.",
      "tokens": [
        50614,
        286,
        362,
        668,
        412,
        264,
        5633,
        295,
        39969,
        364,
        7236,
        13,
        50816
      ],
      "temperature": 0.0,
      "avg_logprob": -0.3028036526271275,
      "compression_ratio": 1.4976076555023923,
      "no_speech_prob": 0.054714180529117584
    },
    {
      "id": 3,
      "seek": 0,
      "start": 9.040000000000001,
      "end": 12.32,
      "text": " It has been a long and deliberate process.",
      "tokens": [
        50816,
        467,
        575,
        668,
        257,
        938,
        293,
        30515,
        1399,
        13,
        50980
      ],
      "temperature": 0.0,
      "avg_logprob": -0.3028036526271275,
      "compression_ratio": 1.4976076555023923,
      "no_speech_prob": 0.054714180529117584
    },
    {
      "id": 4,
      "seek": 0,
      "start": 12.32,
      "end": 15.72,
      "text": " Some have come from Seoul, great speed.",
      "tokens": [
        50980,
        2188,
        362,
        808,
        490,
        17100,
        11,
        869,
        3073,
        13,
        51150
      ],
      "temperature": 0.0,
      "avg_logprob": -0.3028036526271275,
      "compression_ratio": 1.4976076555023923,
      "no_speech_prob": 0.054714180529117584
    },
    {
      "id": 5,
      "seek": 0,
      "start": 15.72,
      "end": 19.76,
      "text": " Others have counseled more expedient tests.",
      "tokens": [
        51150,
        20277,
        362,
        10351,
        292,
        544,
        19348,
        1196,
        6921,
        13,
        51352
      ],
      "temperature": 0.0,
      "avg_logprob": -0.3028036526271275,
      "compression_ratio": 1.4976076555023923,
      "no_speech_prob": 0.054714180529117584
    },
    {
      "id": 6,
      "seek": 0,
      "start": 19.76,
      "end": 22.84,
      "text": " But I have been guided by the standard.",
      "tokens": [
        51352,
        583,
        286,
        362,
        668,
        19663,
        538,
        264,
        3832,
        13,
        51506
      ],
      "temperature": 0.0,
      "avg_logprob": -0.3028036526271275,
      "compression_ratio": 1.4976076555023923,
      "no_speech_prob": 0.054714180529117584
    },
    {
      "id": 7,
      "seek": 0,
      "start": 22.84,
      "end": 25.92,
      "text": " John Winthrop set before his shipmates",
      "tokens": [
        51506,
        2619,
        10427,
        14222,
        992,
        949,
        702,
        5374,
        10977,
        51660
      ],
      "temperature": 0.0,
      "avg_logprob": -0.3028036526271275,
      "compression_ratio": 1.4976076555023923,
      "no_speech_prob": 0.054714180529117584
    },
    {
      "id": 8,
      "seek": 2592,
      "start": 25.92,
      "end": 31.160000000000004,
      "text": " on the flagship Arab Bella, 331 years ago,",
      "tokens": [
        50364,
        322,
        264,
        30400,
        8625,
        29133,
        11,
        11816,
        16,
        924,
        2057,
        11,
        50626
      ],
      "temperature": 0.0,
      "avg_logprob": -0.26452785584984756,
      "compression_ratio": 1.5384615384615385,
      "no_speech_prob": 0.03397747874259949
    },
    {
      "id": 9,
      "seek": 2592,
      "start": 31.160000000000004,
      "end": 34.36,
      "text": " as they too faced the task of building",
      "tokens": [
        50626,
        382,
        436,
        886,
        11446,
        264,
        5633,
        295,
        2390,
        50786
      ],
      "temperature": 0.0,
      "avg_logprob": -0.26452785584984756,
      "compression_ratio": 1.5384615384615385,
      "no_speech_prob": 0.03397747874259949
    },
    {
      "id": 10,
      "seek": 2592,
      "start": 34.36,
      "end": 38.36,
      "text": " a new government on a perilous frontier.",
      "tokens": [
        50786,
        257,
        777,
        2463,
        322,
        257,
        46118,
        563,
        35853,
        13,
        50986
      ],
      "temperature": 0.0,
      "avg_logprob": -0.26452785584984756,
      "compression_ratio": 1.5384615384615385,
      "no_speech_prob": 0.03397747874259949
    },
    {
      "id": 11,
      "seek": 2592,
      "start": 38.36,
      "end": 42.36,
      "text": " We must always consider you said that we shall be",
      "tokens": [
        50986,
        492,
        1633,
        1009,
        1949,
        291,
        848,
        300,
        321,
        4393,
        312,
        51186
      ],
      "temperature": 0.0,
      "avg_logprob": -0.26452785584984756,
      "compression_ratio": 1.5384615384615385,
      "no_speech_prob": 0.03397747874259949
    },
    {
      "id": 12,
      "seek": 2592,
      "start": 42.36,
      "end": 45.36,
      "text": " as a city upon a hill.",
      "tokens": [
        51186,
        382,
        257,
        2307,
        3564,
        257,
        10997,
        13,
        51336
      ],
      "temperature": 0.0,
      "avg_logprob": -0.26452785584984756,
      "compression_ratio": 1.5384615384615385,
      "no_speech_prob": 0.03397747874259949
    },
    {
      "id": 13,
      "seek": 2592,
      "start": 45.36,
      "end": 49.36,
      "text": " The eyes of all people are upon us.",
      "tokens": [
        51336,
        440,
        2575,
        295,
        439,
        561,
        366,
        3564,
        505,
        13,
        51536
      ],
      "temperature": 0.0,
      "avg_logprob": -0.26452785584984756,
      "compression_ratio": 1.5384615384615385,
      "no_speech_prob": 0.03397747874259949
    },
    {
      "id": 14,
      "seek": 2592,
      "start": 49.36,
      "end": 55.120000000000005,
      "text": " Today, the eyes of all people are truly upon us.",
      "tokens": [
        51536,
        2692,
        11,
        264,
        2575,
        295,
        439,
        561,
        366,
        4908,
        3564,
        505,
        13,
        51824
      ],
      "temperature": 0.0,
      "avg_logprob": -0.26452785584984756,
      "compression_ratio": 1.5384615384615385,
      "no_speech_prob": 0.03397747874259949
    },
    {
      "id": 15,
      "seek": 5512,